District,Year,Season,Cultivated_Extent,Avg_Yield,Production,Season_Encoded,Production_per_Hectare,Prev_Production
Colombo,2006,Maha,3349,3033,8632,1,2.58,0
Gampaha,2006,Maha,8091,3134,21551,1,2.66,0
Kalutara,2006,Maha,11431,3170,33424,1,2.92,0
Galle,2006,Maha,12370,3418,33088,1,2.67,0
Matara,2006,Maha,12858,3692,37477,1,2.91,0
Ratnapura,2006,Maha,11092,3342,31512,1,2.84,0
Kegalle,2006,Maha,8228,3143,24223,1,2.94,0
Kurunegala,2006,Maha,69736,4035,281367,1,4.03,0
Puttalam,2006,Maha,11774,3962,39652,1,3.37,0
Kandy,2006,Maha,12039,3710,35322,1,2.93,0
Matale,2006,Maha,15189,3866,52813,1,3.48,0
NuwaraEliya,2006,Maha,5331,3459,10390,1,1.95,0
Badulla,2006,Maha,22260,4434,83899,1,3.77,0
Monaragala,2006,Maha,23071,4089,92439,1,4.01,0
Jaffna,2006,Maha,6257,2141,11886,1,1.9,0
Kilinochchi,2006,Maha,14345,3344,42569,1,2.97,0
Vavuniya,2006,Maha,4052,4327,16542,1,4.08,0
Mullaitivu,2006,Maha,9235,3624,31575,1,3.42,0
Mannar,2006,Maha,5442,3874,20130,1,3.7,0
Anuradhapura,2006,Maha,57490,4726,218485,1,3.8,0
Polonnaruwa,2006,Maha,50533,5119,228835,1,4.53,0
Trincomalee,2006,Maha,15926,4261,63039,1,3.96,0
Batticaloa,2006,Maha,14685,2891,37476,1,2.55,0
Ampara,2006,Maha,51747,4934,244031,1,4.72,0
Hambantota,2006,Maha,21875,5215,99677,1,4.56,0
Colombo,2006,Yala,456,2537,983,0,2.16,0
Gampaha,2006,Yala,1102,2659,2490,0,2.26,0
Kalutara,2006,Yala,9385,2693,23316,0,2.48,0
Galle,2006,Yala,4895,2728,10453,0,2.14,0
Matara,2006,Yala,11415,3550,31996,0,2.8,0
Ratnapura,2006,Yala,9482,3368,27142,0,2.86,0
Kegalle,2006,Yala,5468,3130,16030,0,2.93,0
Kurunegala,2006,Yala,33338,3653,121783,0,3.65,0
Puttalam,2006,Yala,6574,3647,20378,0,3.1,0
Kandy,2006,Yala,7893,3895,24313,0,3.08,0
Matale,2006,Yala,7268,3587,23447,0,3.23,0
NuwaraEliya,2006,Yala,1883,3120,3311,0,1.76,0
Badulla,2006,Yala,11298,4388,42141,0,3.73,0
Monaragala,2006,Yala,6579,4055,26148,0,3.98,0
Kilinochchi,2006,Yala,5235,3561,14180,0,2.71,0
Vavuniya,2006,Yala,710,4432,2970,0,4.18,0
Mullaitivu,2006,Yala,2617,3650,9012,0,3.44,0
Mannar,2006,Yala,48,4067,185,0,3.85,0
Anuradhapura,2006,Yala,21072,4560,77257,0,3.67,0
Polonnaruwa,2006,Yala,48501,4899,210183,0,4.33,0
Trincomalee,2006,Yala,10330,4415,42370,0,4.1,0
Batticaloa,2006,Yala,15226,3649,49031,0,3.22,0
Ampara,2006,Yala,55021,4884,256824,0,4.67,0
Hambantota,2006,Yala,16406,4470,64069,0,3.9,0
Colombo,2007,Maha,3767,3502,11212,1,2.98,8632
Gampaha,2007,Maha,9328,3495,27714,1,2.97,21551
Kalutara,2007,Maha,13476,2884,35847,1,2.66,33424
Galle,2007,Maha,14652,3190,36572,1,2.5,33088
Matara,2007,Maha,14842,3887,45546,1,3.07,37477
Ratnapura,2007,Maha,11906,3305,33449,1,2.81,31512
Kegalle,2007,Maha,7174,3749,25198,1,3.51,24223
Kurunegala,2007,Maha,75243,3838,288764,1,3.84,281367
Puttalam,2007,Maha,12050,3834,39269,1,3.26,39652
Kandy,2007,Maha,13453,3764,40040,1,2.98,35322
Matale,2007,Maha,18878,3559,60427,1,3.2,52813
NuwaraEliya,2007,Maha,5627,3929,12458,1,2.21,10390
Badulla,2007,Maha,25288,4094,88002,1,3.48,83899
Monaragala,2007,Maha,25415,3993,99446,1,3.91,92439
Jaffna,2007,Maha,7248,2887,18568,1,2.56,11886
Kilinochchi,2007,Maha,12456,2803,30979,1,2.49,42569
Vavuniya,2007,Maha,6402,3587,21663,1,3.38,16542
Mullaitivu,2007,Maha,5937,3430,19215,1,3.24,31575
Mannar,2007,Maha,2681,3640,9317,1,3.47,20130
Anuradhapura,2007,Maha,71520,4311,247941,1,3.47,218485
Polonnaruwa,2007,Maha,55240,4900,239437,1,4.33,228835
Trincomalee,2007,Maha,16592,4381,67534,1,4.07,63039
Batticaloa,2007,Maha,17030,3661,55020,1,3.23,37476
Ampara,2007,Maha,64435,4864,299533,1,4.65,244031
Hambantota,2007,Maha,24007,4762,99879,1,4.16,99677
Colombo,2007,Yala,878,3346,2498,0,2.84,983
Gampaha,2007,Yala,2395,3656,7441,0,3.11,2490
Kalutara,2007,Yala,7114,3060,20079,0,2.82,23316
Galle,2007,Yala,5840,3262,14908,0,2.55,10453
Matara,2007,Yala,13118,3712,38441,0,2.93,31996
Ratnapura,2007,Yala,7320,3970,24701,0,3.37,27142
Kegalle,2007,Yala,5049,3291,15566,0,3.08,16030
Kurunegala,2007,Yala,22780,3755,85542,0,3.76,121783
Puttalam,2007,Yala,5215,4145,18373,0,3.52,20378
Kandy,2007,Yala,8054,3903,24856,0,3.09,24313
Matale,2007,Yala,5526,4086,20304,0,3.67,23447
NuwaraEliya,2007,Yala,2066,3703,4310,0,2.09,3311
Badulla,2007,Yala,10705,4639,42214,0,3.94,42141
Monaragala,2007,Yala,8923,4377,38269,0,4.29,26148
Kilinochchi,2007,Yala,3526,3507,10974,0,3.11,14180
Vavuniya,2007,Yala,585,4446,2453,0,4.19,2970
Mullaitivu,2007,Yala,1839,3765,6532,0,3.55,9012
Mannar,2007,Yala,835,4224,3366,0,4.03,185
Anuradhapura,2007,Yala,14623,4804,56492,0,3.86,77257
Polonnaruwa,2007,Yala,49540,5057,221598,0,4.47,210183
Trincomalee,2007,Yala,10368,4376,42147,0,4.07,42370
Batticaloa,2007,Yala,2141,3680,6955,0,3.25,49031
Ampara,2007,Yala,53633,4993,255935,0,4.77,256824
Hambantota,2007,Yala,20771,4940,89652,0,4.32,64069
Colombo,2008,Maha,4506,3554,13605,1,3.02,11212
Gampaha,2008,Maha,10826,3353,30430,1,2.81,27714
Kalutara,2008,Maha,14684,3115,42055,1,2.86,35847
Galle,2008,Maha,15930,3032,37139,1,2.33,36572
Matara,2008,Maha,16171,3631,45251,1,2.8,45546
Ratnapura,2008,Maha,12995,3462,38149,1,2.94,33449
Kegalle,2008,Maha,8179,3721,28195,1,3.45,25198
Kurunegala,2008,Maha,77291,3940,302664,1,3.92,288764
Puttalam,2008,Maha,19680,3976,66038,1,3.36,39269
Kandy,2008,Maha,14071,3768,40208,1,2.86,40040
Matale,2008,Maha,19374,3759,64090,1,3.31,60427
NuwaraEliya,2008,Maha,5576,4145,13002,1,2.33,12458
Badulla,2008,Maha,27225,4484,76667,1,2.82,88002
Monaragala,2008,Maha,26529,4413,58892,1,2.22,99446
Jaffna,2008,Maha,8171,2506,16230,1,1.99,18568
Vavuniya,2008,Maha,6709,4689,29627,1,4.42,21663
Mannar,2008,Maha,5352,3670,18758,1,3.5,9317
Anuradhapura,2008,Maha,80724,4633,294898,1,3.65,247941
Polonnaruwa,2008,Maha,57298,5223,263014,1,4.59,239437
Trincomalee,2008,Maha,23014,4463,95236,1,4.14,67534
Batticaloa,2008,Maha,45905,3639,147278,1,3.21,55020
Ampara,2008,Maha,69979,5158,337390,1,4.82,299533
Hambantota,2008,Maha,25575,5295,117115,1,4.58,99879
Colombo,2008,Yala,3832,3172,10269,0,2.68,2498
Gampaha,2008,Yala,7501,3243,20592,0,2.75,7441
Kalutara,2008,Yala,12368,2743,27454,0,2.22,20079
Galle,2008,Yala,14130,3027,32005,0,2.26,14908
Matara,2008,Yala,15975,3755,47167,0,2.95,38441
Ratnapura,2008,Yala,11331,3556,33882,0,2.99,24701
Kegalle,2008,Yala,7431,3323,23111,0,3.11,15566
Kurunegala,2008,Yala,68912,3148,214632,0,3.11,85542
Puttalam,2008,Yala,14484,3746,45184,0,3.12,18373
Kandy,2008,Yala,11629,3895,35782,0,3.08,24856
Matale,2008,Yala,11960,3784,40409,0,3.38,20304
NuwaraEliya,2008,Yala,2087,3688,4250,0,2.04,4310
Badulla,2008,Yala,12746,4605,49877,0,3.91,42214
Monaragala,2008,Yala,13716,4272,56987,0,4.15,38269
Vavuniya,2008,Yala,4969,4390,18523,0,3.73,2453
Mannar,2008,Yala,984,4288,3626,0,3.68,3366
Anuradhapura,2008,Yala,49133,4396,170500,0,3.47,56492
Polonnaruwa,2008,Yala,54481,4971,239485,0,4.4,221598
Trincomalee,2008,Yala,15296,4504,63370,0,4.14,42147
Batticaloa,2008,Yala,17728,3943,61609,0,3.47,6955
Ampara,2008,Yala,60168,4927,283081,0,4.7,255935
Hambantota,2008,Yala,24500,4725,100947,0,4.12,89652
Colombo,2009,Maha,4763,3505,14190,1,2.98,13605
Gampaha,2009,Maha,12464,3451,36560,1,2.93,30430
Kalutara,2009,Maha,15289,3208,45245,1,2.96,42055
Galle,2009,Maha,17142,3286,44078,1,2.57,37139
Matara,2009,Maha,15811,3641,45455,1,2.87,45251
Ratnapura,2009,Maha,13485,3318,38034,1,2.82,38149
Kegalle,2009,Maha,8331,3791,29589,1,3.55,28195
Kurunegala,2009,Maha,68023,4033,274343,1,4.03,302664
Puttalam,2009,Maha,14236,3973,48075,1,3.38,66038
Kandy,2009,Maha,13826,3470,37943,1,2.74,40208
Matale,2009,Maha,20088,4494,81175,1,4.04,64090
NuwaraEliya,2009,Maha,5583,4134,13007,1,2.33,13002
Badulla,2009,Maha,26988,4324,99203,1,3.67,76667
Monaragala,2009,Maha,27360,4413,118331,1,4.33,58892
Jaffna,2009,Maha,8703,2605,20117,1,2.31,16230
Vavuniya,2009,Maha,4830,5367,24457,1,5.06,29627
Mullaitivu,2009,Maha,2144,5316,10753,1,5.01,0
Mannar,2009,Maha,8093,5403,41755,1,5.16,18758
Anuradhapura,2009,Maha,81063,4924,320937,1,3.96,294898
Polonnaruwa,2009,Maha,60301,5336,284628,1,4.72,263014
Trincomalee,2009,Maha,26521,4332,106727,1,4.02,95236
Batticaloa,2009,Maha,54329,4031,193274,1,3.56,147278
Ampara,2009,Maha,69840,5368,358274,1,5.13,337390
Hambantota,2009,Maha,26012,5183,117793,1,4.53,117115
Colombo,2009,Yala,3603,3004,9200,0,2.55,10269
Gampaha,2009,Yala,8095,3390,23329,0,2.88,20592
Kalutara,2009,Yala,12863,2898,34387,0,2.67,27454
Galle,2009,Yala,13084,2997,30684,0,2.35,32005
Matara,2009,Yala,15538,3628,44501,0,2.86,47167
Ratnapura,2009,Yala,11840,3277,32980,0,2.79,33882
Kegalle,2009,Yala,7610,3374,24051,0,3.16,23111
Kurunegala,2009,Yala,46516,3534,164376,0,3.53,214632
Puttalam,2009,Yala,14831,3653,46053,0,3.1,45184
Kandy,2009,Yala,9185,3545,25747,0,2.8,35782
Matale,2009,Yala,6163,3642,20188,0,3.28,40409
NuwaraEliya,2009,Yala,2858,2913,4692,0,1.64,4250
Badulla,2009,Yala,7973,4673,31671,0,3.97,49877
Monaragala,2009,Yala,7325,3645,26167,0,3.57,56987
Anuradhapura,2009,Yala,17781,4426,63275,0,3.56,170500
Polonnaruwa,2009,Yala,36583,4737,153302,0,4.19,239485
Trincomalee,2009,Yala,13947,4851,62850,0,4.51,63370
Batticaloa,2009,Yala,16020,4189,59227,0,3.7,61609
Ampara,2009,Yala,45303,4964,214941,0,4.74,283081
Hambantota,2009,Yala,21853,5017,95799,0,4.38,100947
Colombo,2010,Maha,4625,2706,10639,1,2.3,14190
Gampaha,2010,Maha,13032,3061,33905,1,2.6,36560
Kalutara,2010,Maha,15005,2917,40382,1,2.69,45245
Kandy,2010,Maha,12856,3121,31730,1,2.47,37943
Matale,2010,Maha,19565,3599,63319,1,3.24,81175
NuwaraEliya,2010,Maha,5572,3847,12077,1,2.17,13007
Galle,2010,Maha,16673,2968,38731,1,2.32,44078
Matara,2010,Maha,14515,3474,39811,1,2.74,45455
Hambantota,2010,Maha,35460,5779,179043,1,5.05,117793
Jaffna,2010,Maha,8636,2659,20381,1,2.36,20117
Mannar,2010,Maha,10992,4001,41990,1,3.82,41755
Vavuniya,2010,Maha,12591,4139,49171,1,3.9,24457
Mullaitivu,2010,Maha,6778,2456,15703,1,2.32,10753
Kilinochchi,2010,Maha,12204,2854,30907,1,2.53,30979
Batticaloa,2010,Maha,14424,2399,30539,1,2.12,193274
Ampara,2010,Maha,39682,3333,126409,1,3.19,358274
Trincomalee,2010,Maha,23191,2388,51451,1,2.22,106727
Kurunegala,2010,Maha,80206,3319,266234,1,3.32,274343
Puttalam,2010,Maha,19373,3641,59959,1,3.09,48075
Anuradhapura,2010,Maha,105587,4463,378939,1,3.59,320937
Polonnaruwa,2010,Maha,60145,3831,203822,1,3.39,284628
Badulla,2010,Maha,27175,3324,76787,1,2.83,99203
Monaragala,2010,Maha,30544,4077,122027,1,3.99,118331
Ratnapura,2010,Maha,16461,3519,49242,1,2.99,38034
Kegalle,2010,Maha,8199,2993,22985,1,2.8,29589
Colombo,2010,Yala,2656,3209,7244,0,2.73,9200
Gampaha,2010,Yala,7810,3687,24475,0,3.13,23329
Kalutara,2010,Yala,11935,2682,29527,0,2.47,34387
Galle,2010,Yala,11685,2943,26912,0,2.3,30684
Matara,2010,Yala,15467,3415,41703,0,2.7,44501
Ratnapura,2010,Yala,11449,3280,31922,0,2.79,32980
Kegalle,2010,Yala,7209,2846,19222,0,2.67,24051
Kurunegala,2010,Yala,56386,3993,225159,0,3.99,164376
Puttalam,2010,Yala,9436,3567,28608,0,3.03,46053
Kandy,2010,Yala,10103,3567,28502,0,2.82,25747
Matale,2010,Yala,10718,4292,41370,0,3.86,20188
NuwaraEliya,2010,Yala,2960,4420,7373,0,2.49,4692
Badulla,2010,Yala,12665,4480,48224,0,3.81,31671
Monaragala,2010,Yala,13884,4210,57277,0,4.12,26167
Kilinochchi,2010,Yala,1468,2579,3360,0,2.29,0
Vavuniya,2010,Yala,827,4724,3685,0,4.46,0
Mullaitivu,2010,Yala,1150,3877,4207,0,3.66,0
Mannar,2010,Yala,600,3909,2240,0,3.73,0
Anuradhapura,2010,Yala,22808,4887,89625,0,3.93,63275
Polonnaruwa,2010,Yala,58300,5095,262738,0,4.51,153302
Trincomalee,2010,Yala,13059,4853,58879,0,4.51,62850
Batticaloa,2010,Yala,20894,4008,73906,0,3.54,59227
Ampara,2010,Yala,59196,4877,275913,0,4.66,214941
Hambantota,2010,Yala,24244,5114,108332,0,4.47,95799
Colombo,2011,Maha,4616,3477,13644,1,2.96,10639
Gampaha,2011,Maha,10333,3453,30332,1,2.94,33905
Kalutara,2011,Maha,14074,3367,43713,1,3.11,40382
Kandy,2011,Maha,12697,4169,41863,1,3.3,31730
Matale,2011,Maha,19086,4384,75244,1,3.94,63319
NuwaraEliya,2011,Maha,5475,4002,12348,1,2.25,12077
Galle,2011,Maha,15917,3431,42740,1,2.68,38731
Matara,2011,Maha,15177,3653,43767,1,2.88,39811
Hambantota,2011,Maha,26102,5198,118551,1,4.54,179043
Jaffna,2011,Maha,8668,2680,20611,1,2.38,20381
Mannar,2011,Maha,13416,4798,61459,1,4.58,41990
Vavuniya,2011,Maha,15713,3972,58888,1,3.75,49171
Mullaitivu,2011,Maha,9720,2994,27460,1,2.83,15703
Kilinochchi,2011,Maha,20478,3059,55591,1,2.72,30907
Batticaloa,2011,Maha,52115,3733,171715,1,3.29,30539
Ampara,2011,Maha,71877,5026,345264,1,4.8,126409
Trincomalee,2011,Maha,30160,4484,125644,1,4.17,51451
Kurunegala,2011,Maha,56718,3934,223110,1,3.93,266234
Puttalam,2011,Maha,12089,4087,41991,1,3.47,59959
Anuradhapura,2011,Maha,88865,4982,356020,1,4.01,378939
Polonnaruwa,2011,Maha,64487,5086,290130,1,4.5,203822
Badulla,2011,Maha,27221,4514,104433,1,3.84,76787
Monaragala,2011,Maha,31986,4258,133486,1,4.17,122027
Ratnapura,2011,Maha,12933,3367,37011,1,2.86,49242
Kegalle,2011,Maha,7052,3629,23970,1,3.4,22985
Colombo,2011,Yala,2343,2999,5970,0,2.55,7244
Gampaha,2011,Yala,5449,3415,15820,0,2.9,24475
Kalutara,2011,Yala,11394,2430,25538,0,2.24,29527
Kandy,2011,Yala,8943,3737,26154,0,2.92,28502
Matale,2011,Yala,10607,4202,35191,0,3.32,41370
NuwaraEliya,2011,Yala,2921,4208,6923,0,2.37,7373
Galle,2011,Yala,10545,2924,24130,0,2.29,26912
Matara,2011,Yala,15372,3299,40036,0,2.6,41703
Hambantota,2011,Yala,25260,5047,111387,0,4.41,108332
Mannar,2011,Yala,1799,3842,6601,0,3.67,2240
Vavuniya,2011,Yala,4272,4151,16781,0,3.93,3685
Mullaitivu,2011,Yala,3371,3669,11668,0,3.46,4207
Kilinochchi,2011,Yala,6501,2616,15090,0,2.32,3360
Batticaloa,2011,Yala,21699,4031,77196,0,3.56,73906
Ampara,2011,Yala,61904,4863,287675,0,4.65,275913
Trincomalee,2011,Yala,18256,4710,79890,0,4.38,58879
Kurunegala,2011,Yala,67458,3758,253478,0,3.76,225159
Puttalam,2011,Yala,17194,3684,53833,0,3.13,28608
Anuradhapura,2011,Yala,53943,4775,207127,0,3.84,89625
Polonnaruwa,2011,Yala,61605,5028,273981,0,4.45,262738
Badulla,2011,Yala,13149,4395,49123,0,3.74,48224
Monaragala,2011,Yala,15556,4123,62853,0,4.04,57277
Ratnapura,2011,Yala,11301,3315,31841,0,2.82,31922
Kegalle,2011,Yala,7003,2756,18077,0,2.58,19222
Colombo,2012,Maha,4062,3597,12418,1,3.06,13644
Gampaha,2012,Maha,11153,3750,35547,1,3.19,30332
Kalutara,2012,Maha,13582,3105,38898,1,2.86,43713
Kandy,2012,Maha,11944,4013,37909,1,3.17,41863
Matale,2012,Maha,21008,4404,83208,1,3.96,75244
NuwaraEliya,2012,Maha,5418,5282,16125,1,2.98,12348
Galle,2012,Maha,14024,3552,38984,1,2.78,42740
Matara,2012,Maha,14613,3960,45691,1,3.13,43767
Hambantota,2012,Maha,28802,6575,165450,1,5.74,118551
Jaffna,2012,Maha,10031,2388,21260,1,2.12,20611
Mannar,2012,Maha,14824,5509,77975,1,5.26,61459
Vavuniya,2012,Maha,17803,3722,62512,1,3.51,58888
Mullaitivu,2012,Maha,9726,2685,24639,1,2.53,27460
Kilinochchi,2012,Maha,11407,4221,42725,1,3.75,55591
Batticaloa,2012,Maha,62747,2088,115630,1,1.84,171715
Ampara,2012,Maha,80456,4084,314015,1,3.9,345264
Trincomalee,2012,Maha,31107,3424,98955,1,3.18,125644
Kurunegala,2012,Maha,80851,4806,388598,1,4.81,223110
Puttalam,2012,Maha,18830,4599,73606,1,3.91,41991
Anuradhapura,2012,Maha,95292,4467,342315,1,3.59,356020
Polonnaruwa,2012,Maha,64055,4889,277045,1,4.33,290130
Badulla,2012,Maha,29255,4869,121086,1,4.14,104433
Monaragala,2012,Maha,36730,4270,153684,1,4.18,133486
Ratnapura,2012,Maha,12574,3766,40249,1,3.2,37011
Kegalle,2012,Maha,12574,3916,18669,1,1.49,23970
Colombo,2012,Yala,906,3002,2314,0,2.55,5970
Gampaha,2012,Yala,3558,3258,9854,0,2.77,15820
Kalutara,2012,Yala,7216,2398,15960,0,2.21,25538
Kandy,2012,Yala,5389,3642,15358,0,2.85,26154
Matale,2012,Yala,5160,3686,15018,0,2.91,35191
NuwaraEliya,2012,Yala,1139,3087,1980,0,1.74,6923
Galle,2012,Yala,4177,3075,10051,0,2.41,24130
Matara,2012,Yala,12034,3050,28977,0,2.41,40036
Hambantota,2012,Yala,20525,4919,88203,0,4.3,111387
Mannar,2012,Yala,1850,3759,6171,0,3.34,6601
Vavuniya,2012,Yala,744,3788,2692,0,3.62,16781
Mullaitivu,2012,Yala,2582,3590,8772,0,3.4,11668
Kilinochchi,2012,Yala,4808,4032,18293,0,3.8,15090
Batticaloa,2012,Yala,23887,3965,83599,0,3.5,77196
Ampara,2012,Yala,59749,4729,270027,0,4.52,287675
Trincomalee,2012,Yala,15946,4455,65988,0,4.14,79890
Kurunegala,2012,Yala,15153,3413,51712,0,3.41,253478
Puttalam,2012,Yala,4466,3582,13600,0,3.05,53833
Anuradhapura,2012,Yala,22100,4049,71951,0,3.26,207127
Polonnaruwa,2012,Yala,45514,4199,169071,0,3.71,273981
Badulla,2012,Yala,11490,4208,41101,0,3.58,49123
Monaragala,2012,Yala,11708,3956,45392,0,3.88,62853
Ratnapura,2012,Yala,9122,3447,26729,0,2.93,31841
Kegalle,2012,Yala,2275,2728,5814,0,2.55,18077
Colombo,2013,Maha,3726,3167,11248,1,3.02,12418
Gampaha,2013,Maha,10636,3188,28817,1,2.71,35547
Kalutara,2013,Maha,12691,2915,34125,1,2.69,38898
Kandy,2013,Maha,11823,4187,39150,1,3.31,37909
Matale,2013,Maha,17089,3956,60792,1,3.56,83208
NuwaraEliya,2013,Maha,5025,4403,12468,1,2.48,16125
Galle,2013,Maha,12610,3653,36054,1,2.86,38984
Matara,2013,Maha,13847,3882,42438,1,3.06,45691
Hambantota,2013,Maha,26679,5592,130352,1,4.89,165450
Jaffna,2013,Maha,2624,1547,3602,1,1.37,21260
Mannar,2013,Maha,4989,5254,25027,1,5.02,77975
Vavuniya,2013,Maha,5472,3408,17595,1,3.21,62512
Mullaitivu,2013,Maha,6386,2563,15443,1,2.42,24639
Kilinochchi,2013,Maha,13398,4218,50149,1,3.74,42725
Batticaloa,2013,Maha,62204,3024,166010,1,2.67,115630
Ampara,2013,Maha,78981,4885,368748,1,4.67,314015
Trincomalee,2013,Maha,21757,4830,97630,1,4.49,98955
Kurunegala,2013,Maha,55480,4062,225332,1,4.06,388598
Puttalam,2013,Maha,12588,4072,43571,1,3.46,73606
Anuradhapura,2013,Maha,39648,3898,124275,1,3.13,342315
Polonnaruwa,2013,Maha,61346,4819,261525,1,4.26,277045
Badulla,2013,Maha,24742,4872,102456,1,4.14,121086
Monaragala,2013,Maha,23637,3969,91936,1,3.89,153684
Ratnapura,2013,Maha,11875,4053,40905,1,3.44,40249
Kegalle,2013,Maha,5946,3125,18629,1,3.13,18669
Colombo,2013,Yala,1247,2522,2673,0,2.14,2314
Gampaha,2013,Yala,4713,2934,11753,0,2.49,9854
Kalutara,2013,Yala,6906,2539,16175,0,2.34,15960
Kandy,2013,Yala,8439,3691,24633,0,2.92,15358
Matale,2013,Yala,9292,4617,38580,0,4.15,15018
NuwaraEliya,2013,Yala,1832,3196,3300,0,1.8,1980
Galle,2013,Yala,4050,2670,8461,0,2.09,10051
Matara,2013,Yala,11294,3475,30986,0,2.74,28977
Hambantota,2013,Yala,25850,4987,112623,0,4.36,88203
Mannar,2013,Yala,2248,5694,12225,0,5.44,6171
Vavuniya,2013,Yala,5270,4813,23930,0,4.54,2692
Mullaitivu,2013,Yala,3896,5227,19215,0,4.93,8772
Kilinochchi,2013,Yala,5825,5630,29102,0,5,18293
Batticaloa,2013,Yala,27556,4603,111943,0,4.06,83599
Ampara,2013,Yala,64352,4833,297229,0,4.62,270027
Trincomalee,2013,Yala,23012,4758,101718,0,4.42,65988
Kurunegala,2013,Yala,52300,3619,189281,0,3.62,51712
Puttalam,2013,Yala,11154,3856,36558,0,3.28,13600
Anuradhapura,2013,Yala,46850,4284,161406,0,3.45,71951
Polonnaruwa,2013,Yala,62503,4725,261263,0,4.18,169071
Badulla,2013,Yala,13485,4443,50922,0,3.78,41101
Monaragala,2013,Yala,15319,3696,55482,0,3.62,45392
Ratnapura,2013,Yala,8457,3941,28329,0,3.35,26729
Kegalle,2013,Yala,4661,2783,12150,0,2.61,5814
Colombo,2014,Maha,3484,3431,10156,1,2.91,11248
Gampaha,2014,Maha,11154,3594,33529,1,3.01,28817
Kalutara,2014,Maha,13020,3644,43668,1,3.35,34125
Kandy,2014,Maha,12135,4203,40102,1,3.3,39150
Matale,2014,Maha,20365,4602,82768,1,4.06,60792
NuwaraEliya,2014,Maha,5237,3717,10912,1,2.08,12468
Galle,2014,Maha,13130,3738,38317,1,2.92,36054
Matara,2014,Maha,14447,4266,48184,1,3.34,42438
Hambantota,2014,Maha,27175,6134,144681,1,5.32,130352
Jaffna,2014,Maha,10038,3096,27000,1,2.69,3602
Mannar,2014,Maha,17321,5489,88661,1,5.12,25027
Vavuniya,2014,Maha,16841,4816,76363,1,4.53,17595
Mullaitivu,2014,Maha,14613,3330,45739,1,3.13,15443
Kilinochchi,2014,Maha,23675,3689,69319,1,2.93,50149
Batticaloa,2014,Maha,61014,2686,120570,1,1.98,166010
Ampara,2014,Maha,83133,4078,307661,1,3.7,368748
Trincomalee,2014,Maha,34470,4473,117256,1,3.4,97630
Kurunegala,2014,Maha,79375,3609,278269,1,3.51,225332
Puttalam,2014,Maha,20116,4028,62620,1,3.11,43571
Anuradhapura,2014,Maha,99814,4802,353924,1,3.55,124275
Polonnaruwa,2014,Maha,74766,5306,349625,1,4.68,261525
Badulla,2014,Maha,27057,4761,109463,1,4.05,102456
Monaragala,2014,Maha,36038,3993,140155,1,3.89,91936
Ratnapura,2014,Maha,11751,3924,39147,1,3.33,40905
Kegalle,2014,Maha,6240,3857,22335,1,3.58,18629
Colombo,2014,Yala,983,3073,2555,0,2.6,2673
Gampaha,2014,Yala,5171,3179,13542,0,2.62,11753
Kalutara,2014,Yala,6272,2817,16269,0,2.59,16175
Kandy,2014,Yala,8118,3667,23521,0,2.9,24633
Matale,2014,Yala,6507,4169,23598,0,3.63,38580
NuwaraEliya,2014,Yala,1839,4274,4430,0,2.41,3300
Galle,2014,Yala,4767,2735,10204,0,2.14,8461
Matara,2014,Yala,11221,3398,29982,0,2.67,30986
Hambantota,2014,Yala,21524,4627,83451,0,3.88,112623
Mannar,2014,Yala,1726,3970,4530,0,2.62,12225
Vavuniya,2014,Yala,1557,4507,5455,0,3.5,23930
Mullaitivu,2014,Yala,440,3633,1453,0,3.3,19215
Kilinochchi,2014,Yala,324,4238,1217,0,3.76,29102
Batticaloa,2014,Yala,20282,4137,74062,0,3.65,111943
Ampara,2014,Yala,44377,4700,199265,0,4.49,297229
Trincomalee,2014,Yala,7394,4446,30225,0,4.09,101718
Kurunegala,2014,Yala,59599,3453,181603,0,3.05,189281
Puttalam,2014,Yala,10741,3927,34407,0,3.2,36558
Anuradhapura,2014,Yala,17542,4461,58012,0,3.31,161406
Polonnaruwa,2014,Yala,34553,4902,149778,0,4.33,261263
Badulla,2014,Yala,12843,4751,51419,0,4,50922
Monaragala,2014,Yala,8814,3778,28765,0,3.26,55482
Ratnapura,2014,Yala,7412,3525,22207,0,3,28329
Kegalle,2014,Yala,3969,2763,10184,0,2.57,12150
Colombo,2015,Maha,2896,3414,8381,1,2.89,10156
Gampaha,2015,Maha,9989,3849,32661,1,3.27,33529
Kalutara,2015,Maha,11736,3358,36314,1,3.09,43668
Kandy,2015,Maha,11747,3764,34921,1,2.97,40102
Matale,2015,Maha,19858,4460,79115,1,3.98,82768
NuwaraEliya,2015,Maha,4866,3779,10365,1,2.13,10912
Galle,2015,Maha,10174,2965,23476,1,2.31,38317
Matara,2015,Maha,12100,4055,37932,1,3.14,48184
Hambantota,2015,Maha,27848,5418,128424,1,4.61,144681
Jaffna,2015,Maha,10252,2352,17511,1,1.71,27000
Mannar,2015,Maha,18698,4999,89079,1,4.76,88661
Vavuniya,2015,Maha,17478,4359,71889,1,4.11,76363
Mullaitivu,2015,Maha,16046,3622,45851,1,2.86,45739
Kilinochchi,2015,Maha,24168,3959,84913,1,3.51,69319
Batticaloa,2015,Maha,61988,3022,150434,1,2.43,120570
Ampara,2015,Maha,80986,4467,344765,1,4.26,307661
Trincomalee,2015,Maha,34698,4570,145279,1,4.19,117256
Kurunegala,2015,Maha,80778,4131,333062,1,4.12,278269
Puttalam,2015,Maha,20090,3996,66466,1,3.31,62620
Anuradhapura,2015,Maha,96254,4748,365988,1,3.8,353924
Polonnaruwa,2015,Maha,65202,5056,291274,1,4.47,349625
Badulla,2015,Maha,27289,4303,99813,1,3.66,109463
Monaragala,2015,Maha,37683,3817,140855,1,3.74,140155
Ratnapura,2015,Maha,11163,3877,36660,1,3.28,39147
Kegalle,2015,Maha,5757,3933,21046,1,3.66,22335
Colombo,2015,Yala,1309,2275,2516,0,1.92,2555
Gampaha,2015,Yala,4592,3252,12648,0,2.75,13542
Kalutara,2015,Yala,7796,3495,25000,0,3.21,16269
Kandy,2015,Yala,8552,3647,24643,0,2.88,23521
Matale,2015,Yala,10186,4202,38362,0,3.77,23598
NuwaraEliya,2015,Yala,2157,3943,4792,0,2.22,4430
Galle,2015,Yala,5694,2649,10626,0,1.87,10204
Matara,2015,Yala,13655,3861,38709,0,2.83,29982
Hambantota,2015,Yala,26302,5279,118190,0,4.49,83451
Mannar,2015,Yala,2976,4954,13236,0,4.45,4530
Vavuniya,2015,Yala,5722,4683,24978,0,4.36,5455
Mullaitivu,2015,Yala,6969,4540,29848,0,4.28,1453
Kilinochchi,2015,Yala,6854,4634,28189,0,4.11,1217
Batticaloa,2015,Yala,27011,4811,114470,0,4.24,74062
Ampara,2015,Yala,65973,4906,309335,0,4.69,199265
Trincomalee,2015,Yala,22294,4745,97884,0,4.39,30225
Kurunegala,2015,Yala,62649,3562,218402,0,3.49,181603
Puttalam,2015,Yala,15327,3817,49227,0,3.21,34407
Anuradhapura,2015,Yala,50398,4612,185818,0,3.69,58012
Polonnaruwa,2015,Yala,62135,5131,280476,0,4.51,149778
Badulla,2015,Yala,13074,4459,49547,0,3.79,51419
Monaragala,2015,Yala,15415,4011,60550,0,3.93,28765
Ratnapura,2015,Yala,8311,3688,25984,0,3.13,22207
Kegalle,2015,Yala,4723,3437,15063,0,3.19,10184
Colombo,2016,Maha,2241,3437,6546,1,2.92,8381
Gampaha,2016,Maha,4998,3340,14187,1,2.84,32661
Kalutara,2016,Maha,8834,3565,29051,1,3.29,36314
Kandy,2016,Maha,8300,4377,28730,1,3.46,34921
Matale,2016,Maha,8048,4523,32734,1,4.07,79115
NuwaraEliya,2016,Maha,4322,3897,9490,1,2.2,10365
Galle,2016,Maha,8087,3543,22423,1,2.77,23476
Matara,2016,Maha,11509,4584,41652,1,3.62,37932
Hambantota,2016,Maha,21750,5253,99825,1,4.59,128424
Jaffna,2016,Maha,1830,2021,3283,1,1.79,17511
Mannar,2016,Maha,13863,4242,56149,1,4.05,89079
Vavuniya,2016,Maha,5401,4334,22083,1,4.09,71889
Mullaitivu,2016,Maha,5767,2957,16087,1,2.79,45851
Kilinochchi,2016,Maha,15063,3983,53241,1,3.53,84913
Batticaloa,2016,Maha,36866,2516,81878,1,2.22,150434
Ampara,2016,Maha,67737,4785,309733,1,4.57,344765
Trincomalee,2016,Maha,18375,4356,74365,1,4.05,145279
Kurunegala,2016,Maha,18481,4540,83898,1,4.54,333062
Puttalam,2016,Maha,6777,3625,20885,1,3.08,66466
Anuradhapura,2016,Maha,19736,4608,73127,1,3.71,365988
Polonnaruwa,2016,Maha,47782,5080,214722,1,4.49,291274
Badulla,2016,Maha,18009,4401,67366,1,3.74,99813
Monaragala,2016,Maha,12625,3922,48526,1,3.84,140855
Ratnapura,2016,Maha,7749,3697,24353,1,3.14,36660
Kegalle,2016,Maha,1845,3996,6906,1,3.74,21046
Colombo,2016,Yala,398,2567,869,0,2.18,2516
Gampaha,2016,Yala,1875,2703,4308,0,2.3,12648
Kalutara,2016,Yala,2786,2954,7592,0,2.72,25000
Kandy,2016,Yala,7552,3533,21103,0,2.79,24643
Matale,2016,Yala,7364,4886,32359,0,4.39,38362
NuwaraEliya,2016,Yala,2015,3297,3744,0,1.86,4792
Galle,2016,Yala,1180,3148,2908,0,2.46,10626
Matara,2016,Yala,6334,3719,18597,0,2.94,38709
Hambantota,2016,Yala,22042,5259,101267,0,4.59,118190
Mannar,2016,Yala,2000,4162,7949,0,3.97,13236
Vavuniya,2016,Yala,1121,4165,4405,0,3.93,24978
Mullaitivu,2016,Yala,5344,4297,21666,0,4.05,29848
Kilinochchi,2016,Yala,2442,4360,9452,0,3.87,28189
Batticaloa,2016,Yala,27330,3536,85305,0,3.12,114470
Ampara,2016,Yala,64003,4766,291520,0,4.55,309335
Trincomalee,2016,Yala,20963,4895,95320,0,4.55,97884
Kurunegala,2016,Yala,49356,3537,174599,0,3.54,218402
Puttalam,2016,Yala,13569,3282,37850,0,2.79,49227
Anuradhapura,2016,Yala,38223,4295,131995,0,3.45,185818
Polonnaruwa,2016,Yala,56245,5047,251131,0,4.47,280476
Badulla,2016,Yala,12679,4415,47583,0,3.75,49547
Monaragala,2016,Yala,9384,4363,40121,0,4.27,60550
Ratnapura,2016,Yala,6132,4172,21745,0,3.55,25984
Kegalle,2016,Yala,2418,3349,7588,0,3.14,15063
Colombo,2017,Maha,3183,3458,9354,1,2.94,6546
Gampaha,2017,Maha,10516,3782,33805,1,3.21,14187
Kalutara,2017,Maha,11039,3349,34107,1,3.09,29051
Kandy,2017,Maha,10842,3851,33019,1,3.05,28730
Matale,2017,Maha,15966,4690,67348,1,4.22,32734
NuwaraEliya,2017,Maha,4704,3417,9058,1,1.93,9490
Galle,2017,Maha,10725,2986,25059,1,2.34,22423
Matara,2017,Maha,13447,3808,40425,1,3.01,41652
Hambantota,2017,Maha,34695,5773,174989,1,5.04,99825
Jaffna,2017,Maha,8964,2055,16345,1,1.82,3283
Mannar,2017,Maha,18225,4487,78071,1,4.28,56149
Vavuniya,2017,Maha,8803,4223,35071,1,3.98,22083
Mullaitivu,2017,Maha,14711,3963,55005,1,3.74,16087
Kilinochchi,2017,Maha,24468,4213,91484,1,3.74,53241
Batticaloa,2017,Maha,64796,3100,177289,1,2.74,81878
Ampara,2017,Maha,76324,4562,332767,1,4.36,309733
Trincomalee,2017,Maha,38007,4083,144171,1,3.79,74365
Kurunegala,2017,Maha,42541,4418,187951,1,4.42,83898
Puttalam,2017,Maha,5179,4163,18322,1,3.54,20885
Anuradhapura,2017,Maha,47701,4414,169316,1,3.55,73127
Polonnaruwa,2017,Maha,64677,4848,277349,1,4.29,214722
Badulla,2017,Maha,19514,4340,71989,1,3.69,67366
Monaragala,2017,Maha,29727,4123,120120,1,4.04,48526
Ratnapura,2017,Maha,9956,3519,29775,1,2.99,24353
Kegalle,2017,Maha,5724,4372,23443,1,4.1,6906
Colombo,2017,Yala,908,2720,2099,0,2.31,869
Gampaha,2017,Yala,2596,2672,5895,0,2.27,4308
Kalutara,2017,Yala,5635,3228,16778,0,2.98,7592
Kandy,2017,Yala,6219,4162,20468,0,3.29,21103
Matale,2017,Yala,5138,4277,19762,0,3.85,32359
NuwaraEliya,2017,Yala,1142,3619,2329,0,2.04,3744
Galle,2017,Yala,4850,2448,9291,0,1.92,2908
Matara,2017,Yala,11636,3491,32078,0,2.76,18597
Hambantota,2017,Yala,20772,5348,97050,0,4.67,101267
Mannar,2017,Yala,101,2839,274,0,2.71,7949
Vavuniya,2017,Yala,471,4361,1940,0,4.12,4405
Mullaitivu,2017,Yala,905,3209,2742,0,3.03,21666
Kilinochchi,2017,Yala,1351,4006,4801,0,3.55,9452
Batticaloa,2017,Yala,22211,3431,67263,0,3.03,85305
Ampara,2017,Yala,45937,4251,186647,0,4.06,291520
Trincomalee,2017,Yala,8890,4843,40002,0,4.5,95320
Kurunegala,2017,Yala,9728,3940,38332,0,3.94,174599
Puttalam,2017,Yala,981,4024,3356,0,3.42,37850
Anuradhapura,2017,Yala,8272,3909,26004,0,3.14,131995
Polonnaruwa,2017,Yala,40228,4878,173595,0,4.31,251131
Badulla,2017,Yala,8661,4434,32648,0,3.77,47583
Monaragala,2017,Yala,9727,4502,42911,0,4.41,40121
Ratnapura,2017,Yala,5960,3267,16549,0,2.78,21745
Kegalle,2017,Yala,1660,2871,4463,0,2.69,7588
Colombo,2018,Maha,3232,3509,9638,1,2.98,9354
Gampaha,2018,Maha,10091,3717,31882,1,3.16,33805
Kalutara,2018,Maha,10292,3642,34573,1,3.36,34107
Kandy,2018,Maha,11072,4289,37554,1,3.39,33019
Matale,2018,Maha,18847,5260,89147,1,4.73,67348
NuwaraEliya,2018,Maha,4660,4998,13124,1,2.82,9058
Galle,2018,Maha,8308,3247,21112,1,2.54,25059
Matara,2018,Maha,12801,4160,42043,1,3.28,40425
Hambantota,2018,Maha,34141,6622,197527,1,5.79,174989
Jaffna,2018,Maha,10171,4224,38123,1,3.75,16345
Mannar,2018,Maha,19267,5112,94045,1,4.88,78071
Vavuniya,2018,Maha,18296,5594,96567,1,5.28,35071
Mullaitivu,2018,Maha,10978,4915,50907,1,4.64,55005
Kilinochchi,2018,Maha,26168,3599,83563,1,3.19,91484
Batticaloa,2018,Maha,67214,3206,190167,1,2.83,177289
Ampara,2018,Maha,76360,5030,367085,1,4.81,332767
Trincomalee,2018,Maha,38468,4241,151555,1,3.94,144171
Kurunegala,2018,Maha,80075,4711,377199,1,4.71,187951
Puttalam,2018,Maha,20393,4584,79462,1,3.9,18322
Anuradhapura,2018,Maha,109254,5414,475637,1,4.35,169316
Polonnaruwa,2018,Maha,65188,5075,292645,1,4.49,277349
Badulla,2018,Maha,25615,4708,102511,1,4,71989
Monaragala,2018,Maha,26180,4911,125995,1,4.81,120120
Ratnapura,2018,Maha,11159,4688,44475,1,3.99,29775
Kegalle,2018,Maha,5890,4721,26045,1,4.42,23443
Colombo,2018,Yala,1174,3259,3250,0,2.77,2099
Gampaha,2018,Yala,5766,3210,15735,0,2.73,5895
Kalutara,2018,Yala,6108,3034,17096,0,2.8,16778
Kandy,2018,Yala,6332,4197,21014,0,3.32,20468
Matale,2018,Yala,7713,4561,31633,0,4.1,19762
NuwaraEliya,2018,Yala,2505,4041,5703,0,2.28,2329
Galle,2018,Yala,3944,3204,9893,0,2.51,9291
Matara,2018,Yala,12062,3866,36814,0,3.05,32078
Hambantota,2018,Yala,24695,6252,134904,0,5.46,97050
Mannar,2018,Yala,479,4777,2185,0,4.56,274
Vavuniya,2018,Yala,409,4029,1557,0,3.81,1940
Mullaitivu,2018,Yala,1635,4151,6403,0,3.92,2742
Kilinochchi,2018,Yala,948,4773,4016,0,4.24,4801
Batticaloa,2018,Yala,25655,4104,92926,0,3.62,67263
Ampara,2018,Yala,41927,4840,193924,0,4.62,186647
Trincomalee,2018,Yala,20353,4994,94434,0,4.64,40002
Kurunegala,2018,Yala,46830,3899,182575,0,3.9,38332
Puttalam,2018,Yala,12081,4524,46454,0,3.84,3356
Anuradhapura,2018,Yala,20250,5262,85691,0,4.23,26004
Polonnaruwa,2018,Yala,59865,5070,268472,0,4.48,173595
Badulla,2018,Yala,10799,4673,42893,0,3.97,32648
Monaragala,2018,Yala,12578,3684,45405,0,3.61,42911
Ratnapura,2018,Yala,7265,4042,24963,0,3.43,16549
Kegalle,2018,Yala,4622,3124,13527,0,2.93,4463
Colombo,2019,Maha,2864,3521,8976,1,3.13,9638
Gampaha,2019,Maha,9563,4240,34460,1,3.6,31882
Kalutara,2019,Maha,9490,3641,31876,1,3.36,34573
Kandy,2019,Maha,10993,4422,38440,1,3.5,37554
Matale,2019,Maha,18386,5316,87897,1,4.78,89147
NuwaraEliya,2019,Maha,1735,3608,3525,1,2.03,13124
Galle,2019,Maha,7939,3980,24728,1,3.11,21112
Matara,2019,Maha,11596,3886,35581,1,3.07,42043
Hambantota,2019,Maha,34933,6302,192353,1,5.51,197527
Jaffna,2019,Maha,10291,3628,33135,1,3.22,38123
Mannar,2019,Maha,19367,4827,89263,1,4.61,94045
Vavuniya,2019,Maha,19117,4951,89294,1,4.67,96567
Mullaitivu,2019,Maha,18259,4644,80008,1,4.38,50907
Kilinochchi,2019,Maha,27165,4158,100224,1,3.69,83563
Batticaloa,2019,Maha,61244,3783,204489,1,3.34,190167
Ampara,2019,Maha,76794,4764,349626,1,4.55,367085
Trincomalee,2019,Maha,38285,4375,155592,1,4.06,151555
Kurunegala,2019,Maha,82011,4732,388043,1,4.73,377199
Puttalam,2019,Maha,19588,4652,77449,1,3.95,79462
Anuradhapura,2019,Maha,118328,5574,530356,1,4.48,475637
Polonnaruwa,2019,Maha,66594,5404,318352,1,4.78,292645
Badulla,2019,Maha,25641,4405,96017,1,3.74,102511
Monaragala,2019,Maha,33653,4796,158159,1,4.7,125995
Ratnapura,2019,Maha,10737,5097,46521,1,4.33,44475
Kegalle,2019,Maha,5338,4558,22793,1,4.27,26045
Colombo,2019,Yala,892,3064,2054,0,2.3,3250
Gampaha,2019,Yala,4183,3250,11555,0,2.76,15735
Kalutara,2019,Yala,4742,2857,12502,0,2.64,17096
Kandy,2019,Yala,5817,3399,15632,0,2.69,21014
Matale,2019,Yala,4492,5259,21247,0,4.73,31633
NuwaraEliya,2019,Yala,1487,2715,2274,0,1.53,5703
Galle,2019,Yala,2670,3012,6295,0,2.36,9893
Matara,2019,Yala,8750,3240,22383,0,2.56,36814
Hambantota,2019,Yala,32195,5726,161070,0,5,134904
Mannar,2019,Yala,915,5514,4815,0,5.26,2185
Vavuniya,2019,Yala,2318,5363,11730,0,5.06,1557
Mullaitivu,2019,Yala,5262,5081,25228,0,4.79,6403
Kilinochchi,2019,Yala,9581,5183,44063,0,4.6,4016
Batticaloa,2019,Yala,24505,3683,79649,0,3.25,92926
Ampara,2019,Yala,55117,5377,283226,0,5.14,193924
Trincomalee,2019,Yala,18099,4978,83700,0,4.62,94434
Kurunegala,2019,Yala,30764,4015,123518,0,4.01,182575
Puttalam,2019,Yala,7161,4479,27262,0,3.81,46454
Anuradhapura,2019,Yala,32091,5119,132103,0,4.12,85691
Polonnaruwa,2019,Yala,61429,5511,299468,0,4.88,268472
Badulla,2019,Yala,10988,5120,47817,0,4.35,42893
Monaragala,2019,Yala,13187,5122,66200,0,5.02,45405
Ratnapura,2019,Yala,7184,4834,29516,0,4.11,24963
Kegalle,2019,Yala,2285,2882,6168,0,2.7,13527
Colombo,2020,Maha,3855,3723,12198,1,3.16,8976
Gampaha,2020,Maha,12356,3751,39390,1,3.19,34460
Kalutara,2020,Maha,12910,3358,39990,1,3.1,31876
Kandy,2020,Maha,12184,4720,45478,1,3.73,38440
Matale,2020,Maha,18882,5669,96263,1,5.1,87897
NuwaraEliya,2020,Maha,4877,5020,13798,1,2.83,3525
Galle,2020,Maha,13346,3403,35538,1,2.66,24728
Matara,2020,Maha,13929,3585,39430,1,2.83,35581
Hambantota,2020,Maha,34890,5883,179336,1,5.14,192353
Jaffna,2020,Maha,8635,2549,19530,1,2.26,33135
Mannar,2020,Maha,20144,5228,100561,1,4.99,89263
Vavuniya,2020,Maha,19262,4253,77297,1,4.01,89294
Mullaitivu,2020,Maha,22744,4266,91546,1,4.02,80008
Kilinochchi,2020,Maha,27358,3500,84963,1,3.11,100224
Batticaloa,2020,Maha,65630,3809,220640,1,3.36,204489
Ampara,2020,Maha,79932,4780,365123,1,4.57,349626
Trincomalee,2020,Maha,39838,4250,157272,1,3.95,155592
Kurunegala,2020,Maha,75634,3775,285481,1,3.77,388043
Puttalam,2020,Maha,19234,3746,61240,1,3.18,77449
Anuradhapura,2020,Maha,112366,5098,460585,1,4.1,530356
Polonnaruwa,2020,Maha,66523,5220,307190,1,4.62,318352
Badulla,2020,Maha,23568,4859,97344,1,4.13,96017
Monaragala,2020,Maha,34214,4599,154218,1,4.51,158159
Ratnapura,2020,Maha,13351,4465,50666,1,3.79,46521
Kegalle,2020,Maha,6749,4163,26317,1,3.9,22793
Colombo,2020,Yala,3219,3281,8976,0,2.79,2054
Gampaha,2020,Yala,10000,3445,29283,0,2.93,11555
Kalutara,2020,Yala,11592,3380,36149,0,3.12,12502
Kandy,2020,Yala,8803,4099,28536,0,3.24,15632
Matale,2020,Yala,8209,5034,37161,0,4.53,21247
NuwaraEliya,2020,Yala,4406,4512,11201,0,2.54,2274
Galle,2020,Yala,10915,2837,24233,0,2.22,6295
Matara,2020,Yala,13499,3573,38084,0,2.82,22383
Hambantota,2020,Yala,34161,5986,178647,0,5.23,161070
Mannar,2020,Yala,1610,5372,8259,0,5.13,4815
Vavuniya,2020,Yala,1472,5520,7663,0,5.21,11730
Mullaitivu,2020,Yala,5461,5147,26514,0,4.86,25228
Kilinochchi,2020,Yala,10034,5250,46742,0,4.66,44063
Batticaloa,2020,Yala,28943,4582,117059,0,4.04,79649
Ampara,2020,Yala,60708,5003,290263,0,4.78,283226
Trincomalee,2020,Yala,22112,5268,108222,0,4.89,83700
Kurunegala,2020,Yala,56531,4397,248546,0,4.4,123518
Puttalam,2020,Yala,14263,4343,52656,0,3.69,27262
Anuradhapura,2020,Yala,39258,4936,155805,0,3.97,132103
Polonnaruwa,2020,Yala,62147,5244,288314,0,4.64,299468
Badulla,2020,Yala,11639,4973,49200,0,4.23,47817
Monaragala,2020,Yala,14185,4922,68422,0,4.82,66200
Ratnapura,2020,Yala,11324,4403,42382,0,3.74,29516
Kegalle,2020,Yala,6252,3731,21855,0,3.49,6168
Colombo,2021,Maha,3811,2521,8166,1,2.14,12198
Gampaha,2021,Maha,11202,2842,27059,1,2.42,39390
Kalutara,2021,Maha,11566,2563,27349,1,2.36,39990
Kandy,2021,Maha,12201,3235,31211,1,2.56,45478
Matale,2021,Maha,19920,3339,59812,1,3,96263
NuwaraEliya,2021,Maha,5034,3922,11126,1,2.21,13798
Galle,2021,Maha,10921,2514,21486,1,1.97,35538
Matara,2021,Maha,13178,2764,28761,1,2.18,39430
Hambantota,2021,Maha,36007,3969,124870,1,3.47,179336
Jaffna,2021,Maha,7775,2176,15013,1,1.93,19530
Mannar,2021,Maha,20171,2662,51276,1,2.54,100561
Vavuniya,2021,Maha,18859,2373,42222,1,2.24,77297
Mullaitivu,2021,Maha,19828,2305,43110,1,2.17,91546
Kilinochchi,2021,Maha,27403,2485,60417,1,2.2,84963
Batticaloa,2021,Maha,66520,1639,96253,1,1.45,220640
Ampara,2021,Maha,81230,2857,221529,1,2.73,365123
Trincomalee,2021,Maha,39629,2662,98005,1,2.47,157272
Kurunegala,2021,Maha,80609,3229,260302,1,3.23,285481
Puttalam,2021,Maha,19478,2415,39985,1,2.05,61240
Anuradhapura,2021,Maha,116565,2873,260448,1,2.24,460585
Polonnaruwa,2021,Maha,66536,3103,182628,1,2.75,307190
Badulla,2021,Maha,24185,3027,62221,1,2.57,97344
Monaragala,2021,Maha,34188,2987,100062,1,2.93,154218
Ratnapura,2021,Maha,13041,3365,37299,1,2.86,50666
Kegalle,2021,Maha,6291,3499,20620,1,3.28,26317
Colombo,2021,Yala,2348,2455,4899,0,2.09,8976
Gampaha,2021,Yala,8492,2991,21588,0,2.54,29283
Kalutara,2021,Yala,9429,3048,26515,0,2.81,36149
Kandy,2021,Yala,9256,2945,21559,0,2.33,28536
Matale,2021,Yala,12325,4639,51415,0,4.17,37161
NuwaraEliya,2021,Yala,2573,3917,5680,0,2.21,11201
Galle,2021,Yala,8326,2897,18873,0,2.27,24233
Matara,2021,Yala,13862,3727,40787,0,2.94,38084
Hambantota,2021,Yala,34490,5814,175190,0,5.08,178647
Mannar,2021,Yala,2732,4931,12860,0,4.71,8259
Vavuniya,2021,Yala,5002,5638,26606,0,5.32,7663
Mullaitivu,2021,Yala,7383,5287,36832,0,4.99,26514
Kilinochchi,2021,Yala,10071,4620,41288,0,4.1,46742
Batticaloa,2021,Yala,28502,4665,117353,0,4.12,117059
Ampara,2021,Yala,62776,5229,313708,0,5,290263
Trincomalee,2021,Yala,25239,5267,123491,0,4.89,108222
Kurunegala,2021,Yala,67988,4024,273572,0,4.02,248546
Puttalam,2021,Yala,17491,3950,58728,0,3.36,52656
Anuradhapura,2021,Yala,62017,4691,233948,0,3.77,155805
Polonnaruwa,2021,Yala,62399,5441,300317,0,4.81,288314
Badulla,2021,Yala,12098,5088,52327,0,4.33,49200
Monaragala,2021,Yala,15759,5034,77752,0,4.93,68422
Ratnapura,2021,Yala,10743,4119,37617,0,3.5,42382
Kegalle,2021,Yala,5460,2991,15297,0,2.8,21855
Colombo,2022,Maha,4211,2855,10222,1,2.43,8166
Gampaha,2022,Maha,12249,3453,35911,1,2.93,27059
Kalutara,2022,Maha,13071,2735,32973,1,2.52,27349
Kandy,2022,Maha,13172,3610,37603,1,2.86,31211
Matale,2022,Maha,20263,4218,76864,1,3.79,59812
NuwaraEliya,2022,Maha,4953,3905,10898,1,2.2,11126
Galle,2022,Maha,12010,2532,23803,1,1.98,21486
Matara,2022,Maha,14463,3406,38884,1,2.69,28761
Hambantota,2022,Maha,37289,5468,178137,1,4.78,124870
Jaffna,2022,Maha,11261,2889,28869,1,2.56,15013
Mannar,2022,Maha,22113,3497,73839,1,3.34,51276
Vavuniya,2022,Maha,23009,2861,62101,1,2.7,42222
Mullaitivu,2022,Maha,25652,3152,76274,1,2.97,43110
Kilinochchi,2022,Maha,27512,3258,79545,1,2.89,60417
Batticaloa,2022,Maha,71433,3088,194671,1,2.72,96253
Ampara,2022,Maha,79886,4172,318517,1,3.99,221529
Trincomalee,2022,Maha,48574,3138,141623,1,2.91,98005
Kurunegala,2022,Maha,77857,3760,292723,1,3.76,260302
Puttalam,2022,Maha,19033,3570,57756,1,3.03,39985
Anuradhapura,2022,Maha,117357,3849,363239,1,3.09,260448
Polonnaruwa,2022,Maha,69449,4416,271313,1,3.91,182628
Badulla,2022,Maha,25751,3662,80152,1,3.11,62221
Monaragala,2022,Maha,35573,4003,139548,1,3.92,100062
Ratnapura,2022,Maha,14598,3761,46666,1,3.2,37299
Kegalle,2022,Maha,7127,3581,23909,1,3.35,20620
Colombo,2022,Yala,2880,2207,5412,0,1.88,4899
Gampaha,2022,Yala,9836,2493,20844,0,2.12,21588
Kalutara,2022,Yala,10661,2330,22915,0,2.15,26515
Kandy,2022,Yala,10089,3227,25743,0,2.55,21559
Matale,2022,Yala,12683,2768,31577,0,2.49,51415
NuwaraEliya,2022,Yala,2871,3704,5993,0,2.09,5680
Galle,2022,Yala,10422,2194,17896,0,1.72,18873
Matara,2022,Yala,13072,2730,28178,0,2.16,40787
Hambantota,2022,Yala,33003,4612,132995,0,4.03,175190
Mannar,2022,Yala,2274,3425,7435,0,3.27,12860
Vavuniya,2022,Yala,5456,4368,22485,0,4.12,26606
Mullaitivu,2022,Yala,6891,3558,23132,0,3.36,36832
Kilinochchi,2022,Yala,10328,2945,26985,0,2.61,41288
Batticaloa,2022,Yala,28696,2950,74720,0,2.6,117353
Ampara,2022,Yala,62644,3708,221999,0,3.54,313708
Trincomalee,2022,Yala,24491,4026,91605,0,3.74,123491
Kurunegala,2022,Yala,56581,2775,157003,0,2.77,273572
Puttalam,2022,Yala,13308,2755,31158,0,2.34,58728
Anuradhapura,2022,Yala,59832,3248,156283,0,2.61,233948
Polonnaruwa,2022,Yala,58631,4288,222414,0,3.79,300317
Badulla,2022,Yala,12593,3349,35851,0,2.85,52327
Monaragala,2022,Yala,15437,3414,51654,0,3.35,77752
Ratnapura,2022,Yala,11522,3356,32865,0,2.85,37617
Kegalle,2022,Yala,6088,2548,14533,0,2.39,15297
Colombo,2023,Maha,3648,3402,10547,1,2.89,10222
Gampaha,2023,Maha,10406,3159,27942,1,2.68,35911
Kalutara,2023,Maha,11493,3032,32142,1,2.8,32973
Kandy,2023,Maha,12818,3836,38881,1,3.03,37603
Matale,2023,Maha,18796,4333,73239,1,3.9,76864
NuwaraEliya,2023,Maha,4524,4238,10804,1,2.39,10898
Galle,2023,Maha,6823,2993,15980,1,2.34,23803
Matara,2023,Maha,10201,3158,25432,1,2.49,38884
Hambantota,2023,Maha,35958,5668,178053,1,4.95,178137
Jaffna,2023,Maha,11340,2691,27081,1,2.39,28869
Mannar,2023,Maha,27982,4327,115602,1,4.13,73839
Vavuniya,2023,Maha,22786,3878,83359,1,3.66,62101
Mullaitivu,2023,Maha,23074,3009,65506,1,2.84,76274
Kilinochchi,2023,Maha,27817,2005,49494,1,1.78,79545
Batticaloa,2023,Maha,66991,2410,142522,1,2.13,194671
Ampara,2023,Maha,71045,3933,267017,1,3.76,318517
Trincomalee,2023,Maha,48483,3409,153558,1,3.17,141623
Kurunegala,2023,Maha,74682,3592,268234,1,3.59,292723
Puttalam,2023,Maha,19500,3843,63699,1,3.27,57756
Anuradhapura,2023,Maha,125271,4637,467075,1,3.73,363239
Polonnaruwa,2023,Maha,69843,4697,290191,1,4.16,271313
Badulla,2023,Maha,26053,4494,99528,1,3.82,80152
Monaragala,2023,Maha,36475,4142,148069,1,4.06,139548
Ratnapura,2023,Maha,12908,4301,47224,1,3.66,46666
Kegalle,2023,Maha,6125,3622,20779,1,3.39,23909
Colombo,2023,Yala,2215,2371,4464,0,2.01,5412
Gampaha,2023,Yala,8467,2557,18401,0,2.17,20844
Kalutara,2023,Yala,9115,2487,20913,0,2.29,22915
Kandy,2023,Yala,9861,3762,29335,0,2.98,25743
Matale,2023,Yala,11566,3976,41359,0,3.58,31577
NuwaraEliya,2023,Yala,2436,4119,5653,0,2.32,5993
Galle,2023,Yala,5024,2169,8527,0,1.7,17896
Matara,2023,Yala,9709,2999,22989,0,2.37,28178
Hambantota,2023,Yala,32920,5087,146310,0,4.44,132995
Mannar,2023,Yala,2369,4826,10918,0,4.61,7435
Vavuniya,2023,Yala,5530,4071,21243,0,3.84,22485
Mullaitivu,2023,Yala,5752,4418,23973,0,4.17,23132
Kilinochchi,2023,Yala,6882,3988,24355,0,3.54,26985
Batticaloa,2023,Yala,33566,3557,105366,0,3.14,74720
Ampara,2023,Yala,63176,4338,261938,0,4.15,221999
Trincomalee,2023,Yala,28649,4771,126977,0,4.43,91605
Kurunegala,2023,Yala,59851,3447,206292,0,3.45,157003
Puttalam,2023,Yala,17270,3810,55932,0,3.24,31158
Anuradhapura,2023,Yala,64852,4302,224321,0,3.46,156283
Polonnaruwa,2023,Yala,65990,4918,287105,0,4.35,222414
Badulla,2023,Yala,13176,4554,51003,0,3.87,35851
Monaragala,2023,Yala,16490,4026,65066,0,3.95,51654
Ratnapura,2023,Yala,10424,4195,37169,0,3.57,32865
Kegalle,2023,Yala,6382,2974,17782,0,2.79,14533
Colombo,2024,Maha,3300,2870,8051,1,2.44,10547
Gampaha,2024,Maha,9909,3302,27810,1,2.81,27942
Kalutara,2024,Maha,9630,2727,24229,1,2.52,32142
Kandy,2024,Maha,11201,3480,30827,1,2.75,38881
Matale,2024,Maha,17779,4507,72064,1,4.05,73239
NuwaraEliya,2024,Maha,4357,3188,7826,1,1.8,10804
Galle,2024,Maha,7403,2968,17198,1,2.32,15980
Matara,2024,Maha,10809,3479,29671,1,2.75,25432
Hambantota,2024,Maha,36174,5725,180925,1,5,178053
Jaffna,2024,Maha,9744,2246,19426,1,1.99,27081
Mannar,2024,Maha,20829,4776,94978,1,4.56,115602
Vavuniya,2024,Maha,22576,3627,77250,1,3.42,83359
Mullaitivu,2024,Maha,21617,2927,59691,1,2.76,65506
Kilinochchi,2024,Maha,27806,2514,62033,1,2.23,49494
Batticaloa,2024,Maha,70292,2526,156727,1,2.23,142522
Ampara,2024,Maha,74943,3935,281814,1,3.76,267017
Trincomalee,2024,Maha,48319,3905,175283,1,3.63,153558
Kurunegala,2024,Maha,81343,3982,323867,1,3.98,268234
Puttalam,2024,Maha,19823,3972,66930,1,3.38,63699
Anuradhapura,2024,Maha,127203,4263,435988,1,3.43,467075
Polonnaruwa,2024,Maha,69634,4794,295310,1,4.24,290191
Badulla,2024,Maha,25297,3973,85428,1,3.38,99528
Monaragala,2024,Maha,35838,4139,145378,1,4.06,148069
Ratnapura,2024,Maha,12004,4419,45085,1,3.76,47224
Kegalle,2024,Maha,6137,3742,21509,1,3.5,20779
Colombo,2024,Yala,1538,1975,2582,0,1.68,4464
Gampaha,2024,Yala,5732,2831,13793,0,2.41,18401
Kalutara,2024,Yala,5939,2694,14759,0,2.48,20913
Kandy,2024,Yala,8840,2859,19995,0,2.26,29335
Matale,2024,Yala,10669,4500,43178,0,4.05,41359
NuwaraEliya,2024,Yala,2131,3905,4690,0,2.2,5653
Galle,2024,Yala,3761,2602,7658,0,2.04,8527
Matara,2024,Yala,10649,2936,24687,0,2.32,22989
Hambantota,2024,Yala,35246,5381,165702,0,4.7,146310
Mannar,2024,Yala,2978,2184,6210,0,2.08,10918
Vavuniya,2024,Yala,5516,4175,21731,0,3.94,21243
Mullaitivu,2024,Yala,8206,4198,32502,0,3.96,23973
Kilinochchi,2024,Yala,9209,4339,35463,0,3.85,24355
Batticaloa,2024,Yala,33652,3589,106587,0,3.17,105366
Ampara,2024,Yala,63161,5532,333935,0,5.29,261938
Trincomalee,2024,Yala,28773,5053,135054,0,4.69,126977
Kurunegala,2024,Yala,56697,3708,210243,0,3.71,206292
Puttalam,2024,Yala,15190,3609,46600,0,3.07,55932
Anuradhapura,2024,Yala,61660,4863,241103,0,3.91,224321
Polonnaruwa,2024,Yala,66614,5716,336801,0,5.05,287105
Badulla,2024,Yala,12177,4992,51667,0,4.24,51003
Monaragala,2024,Yala,16420,4334,69742,0,4.25,65066
Ratnapura,2024,Yala,10331,4566,40096,0,3.88,37169
Kegalle,2024,Yala,4338,2884,11718,0,2.7,17782
